Rank	TaxID	Taxon name	Sequence	PTM	Mass	Marker	Gene	Hel	Length	SeqID	Begin	End	Status	Comment
species	9657	Lutra lutra	GVQGPPGPAGPR	1H	1105.57488265473	COL1A1-508/P1	COL1A1	508	12	XP_047563680.1	682	693	Genetic	Homology : R - peptide - G, exact match. 
species	9657	Lutra lutra	TGHPGTVGPAGIR	0H	1219.65419522415	COL1A2-978/A	COL1A2	978	13	XP_047551750.1	1069	1081	Genetic	Homology : R - peptide - G, exact match. 
species	9657	Lutra lutra	TGHPGTVGPAGIR	1H	1235.64911022415	COL1A2-978/A	COL1A2	978	13	XP_047551750.1	1069	1081	Genetic	Homology : R - peptide - G, exact match. 
species	9657	Lutra lutra	GLPGEFGLPGPAGPR	2H	1453.74340491225	COL1A2-484/B	COL1A2	484	15	XP_047551750.1	575	589	Genetic	Homology : R - peptide - G, exact match. 
species	9657	Lutra lutra	GPPGESGAAGPSGPIGSR	1H	1566.75067474022	COL1A2-502/C	COL1A2	502	18	XP_047551750.1	593	610	Genetic	Homology : R - peptide - G, exact match. 
species	9657	Lutra lutra	GPNGEAGSAGPSGPPGLR	2H	1609.75648877709	COL1A2-292/P2	COL1A2	292	18	XP_047551750.1	383	400	Genetic	Homology : R - peptide - G, 1 mismatch with GPNGEAGSTGPSGPPGLR. 
species	9657	Lutra lutra	GLPGVSGSVGEPGPLGIAGPPGAR	3H	2147.10912340618	COL1A2-793/D	COL1A2	793	24	XP_047551750.1	884	907	Genetic	Homology : R - peptide - G, exact match. 
species	9657	Lutra lutra	GLTGPIGPPGPAGAPGDKGEAGPSGPAGPTGAR	2H	2853.4125752358395	COL1A1-586/F	COL1A1	586	33	XP_047563680.1	760	792	Genetic	Homology : R - peptide - G, exact match. 
species	9657	Lutra lutra	GLTGPIGPPGPAGAPGDKGEAGPSGPAGPTGAR	3H	2869.4074902358398	COL1A1-586/F	COL1A1	586	33	XP_047563680.1	760	792	Genetic	Homology : R - peptide - G, exact match. 
species	9657	Lutra lutra	GPSGEPGTAGPPGTSGPQGLLGAPGILGLPGSR	4H	2973.4912202402397	COL1A2-757/G	COL1A2	757	33	XP_047551750.1	848	880	Genetic	Homology : K - peptide - G, 2 mismatches with GPSGEAGTAGPPGTPGPQGLLGAPGILGLPGSR
species	9657	Lutra lutra	GPSGEPGTAGPPGTSGPQGLLGAPGILGLPGSR	5H	2989.48613524024	COL1A2-757/G	COL1A2	757	33	XP_047551750.1	848	880	Genetic	Homology : K - peptide - G, 2 mismatches with GPSGEAGTAGPPGTPGPQGLLGAPGILGLPGSR
